{"cameraMode":{"drawMode":0,"name":"Shaded","section":"Shading Mode"},"sceneLighting":true,"audioPlay":false,"sceneViewState":{"m_AlwaysRefresh":false,"showFog":true,"showSkybox":false,"showFlares":true,"showImageEffects":true,"showParticleSystems":true,"showVisualEffectGraphs":true,"m_FxEnabled":false},"in2DMode":false,"pivot":{"x":1.2400002479553223,"y":0.09999990463256836,"z":19.744726181030275},"rotation":{"x":0.15459215641021729,"y":-0.3333311975002289,"z":0.05550310015678406,"w":0.9284014701843262},"size":13.808127403259278,"orthographic":false}