{"cameraMode":{"drawMode":0,"name":"Shaded","section":"Shading Mode"},"sceneLighting":true,"audioPlay":false,"sceneViewState":{"m_AlwaysRefresh":false,"showFog":true,"showSkybox":true,"showFlares":true,"showImageEffects":true,"showParticleSystems":true,"showVisualEffectGraphs":true,"m_FxEnabled":false},"in2DMode":false,"pivot":{"x":92.44371032714844,"y":5.520425796508789,"z":-280.9035339355469},"rotation":{"x":-0.010492093861103058,"y":0.9864749908447266,"z":-0.06661953032016754,"w":-0.14775879681110383},"size":11.294329643249512,"orthographic":false}